Ticker,Date/Time,Open,High,Low,Close,Volume
COM7,8/10/2015,4.0,4.98,3.98,4.16,1508223744
COM7,8/11/2015,4.3,4.36,3.56,3.6,370117312
COM7,8/13/2015,3.5,3.54,3.34,3.44,114642592
COM7,8/14/2015,3.5,3.7,3.48,3.54,209773488
COM7,8/17/2015,3.48,3.48,3.34,3.38,51859604
COM7,8/18/2015,3.18,3.32,3.12,3.14,43005120
COM7,8/19/2015,3.2,3.36,3.18,3.26,45975600
COM7,8/20/2015,3.24,3.44,3.24,3.36,44492500
COM7,8/21/2015,3.3,3.36,3.26,3.26,19854700
COM7,8/24/2015,3.16,3.18,2.9,2.9,33137960
COM7,8/25/2015,3.02,3.02,2.8,3.0,26365250
COM7,8/26/2015,3.0,3.12,2.94,3.02,28294900
COM7,8/27/2015,3.08,3.1,3.04,3.04,9741700
COM7,8/28/2015,3.08,3.18,3.02,3.02,24726700
COM7,8/31/2015,3.04,3.06,3.02,3.02,3737701
COM7,9/1/2015,3.02,3.18,3.02,3.04,18401902
COM7,9/2/2015,3.04,3.18,3.04,3.16,15691024
COM7,9/3/2015,3.24,3.28,3.16,3.2,28443332
COM7,9/4/2015,3.2,3.34,3.2,3.2,23668100
COM7,9/7/2015,3.2,3.28,3.2,3.22,6973640
COM7,9/8/2015,3.24,3.26,3.14,3.22,6727700
COM7,9/9/2015,3.3,3.4,3.28,3.3,36799320
COM7,9/10/2015,3.24,3.44,3.24,3.4,34844500
COM7,9/11/2015,3.46,3.5,3.3,3.3,34526544
COM7,9/14/2015,3.32,3.32,3.26,3.26,8955322
COM7,9/15/2015,3.24,3.32,3.1,3.1,14244855
COM7,9/16/2015,3.14,3.18,3.12,3.14,3838500
COM7,9/17/2015,3.18,3.22,3.16,3.18,5532600
COM7,9/18/2015,3.2,3.3,3.18,3.24,11471566
COM7,9/21/2015,3.2,3.24,3.2,3.22,2950127
COM7,9/22/2015,3.24,3.26,3.18,3.18,5695600
COM7,9/23/2015,3.16,3.2,3.16,3.18,2419101
COM7,9/24/2015,3.18,3.2,3.16,3.16,2629400
COM7,9/25/2015,3.16,3.18,3.14,3.16,2203101
COM7,9/28/2015,3.16,3.18,3.08,3.08,3160010
COM7,9/29/2015,3.04,3.1,3.04,3.08,3008500
COM7,9/30/2015,3.1,3.22,3.08,3.12,10537300
COM7,10/1/2015,3.12,3.28,3.1,3.28,27235206
COM7,10/2/2015,3.3,3.4,3.3,3.36,38019604
COM7,10/5/2015,3.38,3.4,3.34,3.34,8445250
COM7,10/6/2015,3.34,3.7,3.34,3.7,124391792
COM7,10/7/2015,3.66,3.76,3.6,3.68,62464120
COM7,10/8/2015,3.72,3.9,3.68,3.86,84485608
COM7,10/9/2015,3.84,3.9,3.76,3.8,48908352
COM7,10/12/2015,3.84,3.98,3.84,3.84,48037520
COM7,10/13/2015,3.82,3.86,3.52,3.6,47652600
COM7,10/14/2015,3.6,3.7,3.56,3.6,30971408
COM7,10/15/2015,3.62,3.76,3.62,3.76,20623100
COM7,10/16/2015,3.8,4.14,3.76,4.12,91875168
COM7,10/19/2015,4.18,4.22,4.04,4.04,97068056
COM7,10/20/2015,4.08,4.52,4.06,4.4,185408720
COM7,10/21/2015,4.48,4.76,4.44,4.56,139206736
COM7,10/22/2015,4.64,4.64,4.42,4.52,75763912
COM7,10/26/2015,4.56,4.7,4.44,4.7,97991472
COM7,10/27/2015,4.76,4.82,4.64,4.68,120774200
COM7,10/28/2015,4.64,4.64,4.44,4.44,55211656
COM7,10/29/2015,4.5,4.68,4.44,4.62,77912064
COM7,10/30/2015,4.64,4.64,4.4,4.44,64655048
COM7,11/2/2015,4.46,4.58,4.46,4.5,27587300
COM7,11/3/2015,4.54,4.62,4.48,4.5,25210496
COM7,11/4/2015,4.58,4.66,4.54,4.62,58052524
COM7,11/5/2015,4.64,4.84,4.58,4.72,113182920
COM7,11/6/2015,4.78,4.98,4.74,4.94,184712848
COM7,11/9/2015,4.94,5.1,4.88,4.92,94958344
COM7,11/10/2015,4.88,5.05,4.88,4.98,43247624
COM7,11/11/2015,4.98,4.98,4.62,4.64,60836928
COM7,11/12/2015,4.64,4.74,4.44,4.48,53212100
COM7,11/13/2015,4.46,4.58,4.46,4.54,21294700
COM7,11/16/2015,4.48,4.56,4.42,4.56,20296800
COM7,11/17/2015,4.6,4.82,4.6,4.78,51707800
COM7,11/18/2015,4.78,4.82,4.6,4.64,19517002
COM7,11/19/2015,4.66,4.78,4.66,4.72,25577600
COM7,11/20/2015,4.72,4.84,4.7,4.82,37498220
COM7,11/23/2015,4.88,4.94,4.82,4.82,40587384
COM7,11/24/2015,4.84,4.86,4.66,4.72,19951200
COM7,11/25/2015,4.72,4.74,4.56,4.6,18809000
COM7,11/26/2015,4.62,4.68,4.52,4.56,16275800
COM7,11/27/2015,4.56,4.58,4.5,4.5,10226900
COM7,11/30/2015,4.52,4.56,4.48,4.52,13946400
COM7,12/1/2015,4.54,4.66,4.54,4.6,22485700
COM7,12/2/2015,4.6,4.7,4.48,4.5,32257400
COM7,12/3/2015,4.52,4.54,4.16,4.32,40245284
COM7,12/4/2015,4.3,4.42,4.28,4.3,29628604
COM7,12/8/2015,4.26,4.26,4.04,4.04,12195642
COM7,12/9/2015,4.06,4.16,4.0,4.06,13545888
COM7,12/11/2015,4.1,4.38,4.0,4.36,38553124
COM7,12/14/2015,4.26,4.3,4.2,4.22,13408416
COM7,12/15/2015,4.28,4.5,4.28,4.5,39905800
COM7,12/16/2015,4.5,4.64,4.42,4.48,40008988
COM7,12/17/2015,4.52,4.62,4.52,4.58,13020529
COM7,12/18/2015,4.54,4.58,4.46,4.54,8653846
COM7,12/21/2015,4.52,4.72,4.44,4.62,27635644
COM7,12/22/2015,4.7,4.82,4.54,4.54,31669670
COM7,12/23/2015,4.72,4.78,4.64,4.7,32140202
COM7,12/24/2015,4.78,5.1,4.74,5.1,95322672
COM7,12/25/2015,5.05,5.45,4.98,5.4,133270880
COM7,12/28/2015,5.35,5.65,5.25,5.25,100965840
COM7,12/29/2015,5.25,5.45,5.2,5.35,74017800
COM7,12/30/2015,5.35,5.45,5.1,5.15,29864000
COM7,1/4/2016,5.1,5.4,5.05,5.4,63669932
COM7,1/5/2016,5.4,5.55,5.15,5.25,74073808
COM7,1/6/2016,5.2,5.35,5.2,5.25,22062200
COM7,1/7/2016,5.15,5.4,5.15,5.3,65085100
COM7,1/8/2016,5.4,5.65,5.3,5.65,91992096
COM7,1/11/2016,5.55,5.65,5.4,5.6,87045240
COM7,1/12/2016,5.65,5.75,5.55,5.75,102803576
COM7,1/13/2016,5.8,5.85,5.6,5.65,56217840
COM7,1/14/2016,5.6,6.25,5.6,6.0,154633568
COM7,1/15/2016,6.15,6.3,6.05,6.1,85280768
COM7,1/18/2016,6.05,6.45,6.05,6.45,45514320
COM7,1/19/2016,6.65,6.75,6.35,6.4,113868416
COM7,1/20/2016,6.35,6.5,6.2,6.2,42753700
COM7,1/21/2016,6.3,6.4,6.05,6.15,25996312
COM7,1/22/2016,6.25,6.4,6.15,6.4,29260160
COM7,1/25/2016,6.35,6.5,6.2,6.2,30883800
COM7,1/26/2016,6.25,6.35,6.1,6.25,18118170
COM7,1/27/2016,6.35,6.55,6.3,6.5,45552700
COM7,1/28/2016,6.55,6.55,6.35,6.4,32499000
COM7,1/29/2016,6.45,6.5,6.35,6.4,31340904
COM7,2/1/2016,6.45,6.6,6.35,6.45,26454660
COM7,2/2/2016,6.45,6.75,6.45,6.55,58289492
COM7,2/3/2016,6.5,6.85,6.5,6.8,66587500
COM7,2/4/2016,6.8,6.85,6.6,6.65,26463774
COM7,2/5/2016,6.65,6.7,6.55,6.6,12771603
COM7,2/8/2016,6.6,6.65,6.55,6.6,4833701
COM7,2/9/2016,6.55,6.6,6.25,6.25,34902812
COM7,2/10/2016,6.3,6.45,6.3,6.35,19948300
COM7,2/11/2016,6.35,6.4,5.8,5.8,33654800
COM7,2/12/2016,5.85,6.0,5.55,5.65,35714168
COM7,2/15/2016,5.7,6.25,5.7,6.15,43402500
COM7,2/16/2016,6.2,6.25,5.8,5.9,27696252
COM7,2/17/2016,5.95,6.05,5.75,5.9,8878201
COM7,2/18/2016,6.0,6.1,5.9,6.1,19163000
COM7,2/19/2016,6.05,6.15,6.0,6.0,18259364
COM7,2/23/2016,6.05,6.2,6.05,6.15,11768626
COM7,2/24/2016,6.15,6.25,6.05,6.2,12706900
COM7,2/25/2016,6.3,6.4,6.2,6.2,16713400
COM7,2/26/2016,6.25,6.3,6.15,6.25,11390200
COM7,2/29/2016,6.25,6.3,5.9,6.0,10859501
COM7,3/1/2016,6.05,6.1,6.0,6.05,4733300
COM7,3/2/2016,6.1,6.15,6.05,6.05,6608401
COM7,3/3/2016,6.15,6.3,6.1,6.15,13092002
COM7,3/4/2016,6.2,6.2,6.05,6.05,8446120
COM7,3/7/2016,6.1,6.25,6.1,6.1,8853308
COM7,3/8/2016,6.1,6.15,5.95,6.0,8631502
COM7,3/9/2016,6.1,6.2,6.05,6.15,10054706
COM7,3/10/2016,6.2,6.2,6.1,6.15,5939702
COM7,3/11/2016,6.15,6.2,6.1,6.15,3525900
COM7,3/14/2016,6.25,6.35,6.15,6.3,18999600
COM7,3/15/2016,6.3,6.55,6.3,6.45,34163544
COM7,3/16/2016,6.6,6.75,6.55,6.6,26483870
COM7,3/17/2016,6.75,6.95,6.65,6.85,37133156
COM7,3/18/2016,6.85,6.95,6.6,6.7,25411424
COM7,3/21/2016,6.85,7.15,6.8,7.1,47287076
COM7,3/22/2016,7.15,7.25,6.9,7.0,43619396
COM7,3/23/2016,6.95,7.0,6.8,7.0,23900652
COM7,3/24/2016,6.95,7.05,6.85,6.85,13609602
COM7,3/25/2016,6.9,7.05,6.85,7.0,15898162
COM7,3/28/2016,7.0,7.25,6.95,7.15,41945728
COM7,3/29/2016,7.1,7.35,7.1,7.15,33524824
COM7,3/30/2016,7.2,7.2,6.95,6.95,25635472
COM7,3/31/2016,6.95,7.05,6.85,7.0,12369801
COM7,4/1/2016,7.0,7.05,6.9,7.0,8990566
COM7,4/4/2016,7.0,7.0,6.85,6.9,7927700
COM7,4/5/2016,6.9,6.95,6.85,6.95,5514201
COM7,4/7/2016,6.9,7.1,6.85,6.85,11365400
COM7,4/8/2016,6.85,6.9,6.5,6.55,27606252
COM7,4/11/2016,6.5,6.7,6.45,6.6,11506701
COM7,4/12/2016,6.6,6.75,6.55,6.75,8639204
COM7,4/18/2016,6.75,6.95,6.55,6.9,15421200
COM7,4/19/2016,7.0,7.1,6.95,7.05,23648852
COM7,4/20/2016,7.05,7.15,6.95,7.0,12189649
COM7,4/21/2016,7.0,7.15,7.0,7.05,16473350
COM7,4/22/2016,7.15,7.6,7.1,7.5,91913840
COM7,4/25/2016,7.65,7.75,7.45,7.45,72014224
COM7,4/26/2016,7.5,7.55,7.3,7.5,31634304
COM7,4/27/2016,7.65,7.7,7.5,7.5,35626856
COM7,4/28/2016,7.55,7.55,7.35,7.35,12006715
COM7,4/29/2016,7.3,7.55,7.25,7.55,13575103
COM7,5/3/2016,7.6,7.65,7.45,7.5,8952302
COM7,5/4/2016,7.5,7.5,7.35,7.4,17097400
COM7,5/9/2016,7.4,7.45,7.3,7.35,5880203
COM7,5/10/2016,7.4,7.75,7.35,7.75,38575192
COM7,5/11/2016,7.75,7.9,7.6,7.6,42308976
COM7,5/12/2016,7.65,7.75,7.6,7.75,11805118
COM7,5/13/2016,7.75,7.75,7.65,7.75,7275100
COM7,5/16/2016,7.75,8.05,7.7,8.0,48160552
COM7,5/17/2016,8.05,8.05,7.8,7.9,15766400
COM7,5/18/2016,7.85,7.9,7.7,7.9,7233434
COM7,5/19/2016,7.9,7.9,7.75,7.8,4553302
COM7,5/23/2016,7.85,7.95,7.85,7.9,10312301
COM7,5/24/2016,7.9,7.95,7.85,7.85,12940001
COM7,5/25/2016,7.95,8.05,7.9,8.0,30576900
COM7,5/26/2016,8.05,8.25,8.0,8.25,42057808
COM7,5/27/2016,8.15,8.25,8.1,8.15,10829200
COM7,5/30/2016,8.15,8.35,8.15,8.25,13212010
COM7,5/31/2016,8.3,8.35,8.2,8.3,8314600
COM7,6/1/2016,8.35,8.35,8.25,8.25,3726800
COM7,6/2/2016,8.25,8.35,8.2,8.25,7236616
COM7,6/3/2016,8.3,8.45,8.25,8.45,20707900
COM7,6/6/2016,8.5,9.0,8.5,8.85,31029464
COM7,6/7/2016,8.9,8.95,8.65,8.75,14924405
COM7,6/8/2016,8.75,8.75,8.65,8.75,4523100
COM7,6/9/2016,8.8,8.95,8.55,8.6,13082775
COM7,6/10/2016,8.7,8.8,8.35,8.45,15658000
COM7,6/13/2016,8.35,8.5,8.2,8.45,8302000
COM7,6/14/2016,8.45,8.7,8.4,8.7,8918330
COM7,6/15/2016,8.75,8.75,8.6,8.65,4696700
COM7,6/16/2016,8.7,8.7,8.45,8.45,6114352
COM7,6/17/2016,8.5,8.75,8.45,8.65,7772351
COM7,6/20/2016,8.7,8.75,8.6,8.7,7639500
COM7,6/21/2016,8.75,8.85,8.65,8.7,7233900
COM7,6/22/2016,8.7,8.7,8.5,8.65,5631400
COM7,6/23/2016,8.7,8.7,8.45,8.6,3180510
COM7,6/24/2016,8.3,8.6,8.25,8.55,10713700
COM7,6/27/2016,8.55,8.7,8.55,8.6,3477800
COM7,6/28/2016,8.6,8.65,8.5,8.5,6375601
COM7,6/29/2016,8.55,8.6,8.4,8.4,6549509
COM7,6/30/2016,8.4,8.55,8.35,8.45,7207400
COM7,7/4/2016,8.5,8.55,8.4,8.5,5128100
COM7,7/5/2016,8.55,9.25,8.55,9.1,46855000
COM7,7/6/2016,9.15,9.65,9.15,9.4,53915112
COM7,7/7/2016,9.45,9.65,9.4,9.45,18318800
COM7,7/8/2016,9.5,9.85,9.5,9.6,27178300
COM7,7/11/2016,9.7,10.1,9.65,10.0,28454370
COM7,7/12/2016,10.2,10.8,10.2,10.3,44620480
COM7,7/13/2016,10.4,10.5,10.0,10.1,24757306
COM7,7/14/2016,10.2,10.7,10.2,10.5,23397260
COM7,7/15/2016,10.5,10.7,10.4,10.5,15674011
COM7,7/20/2016,10.7,11.3,10.6,11.0,21043524
COM7,7/21/2016,10.9,11.1,10.7,10.8,13002512
COM7,7/22/2016,10.8,10.9,10.4,10.9,21423960
COM7,7/25/2016,10.9,11.0,10.8,11.0,6967200
COM7,7/26/2016,11.0,11.0,10.7,10.9,8295106
COM7,7/27/2016,11.0,11.5,10.9,11.4,15362945
COM7,7/28/2016,11.4,12.0,11.2,11.6,14628753
COM7,7/29/2016,11.6,11.8,11.1,11.6,14698723
COM7,8/1/2016,11.6,11.7,10.9,10.9,19098892
COM7,8/2/2016,10.8,10.8,10.2,10.4,33056270
COM7,8/3/2016,10.4,10.7,10.3,10.6,18743810
COM7,8/4/2016,10.6,10.8,10.5,10.7,6510100
COM7,8/5/2016,10.9,11.3,10.9,11.1,23212020
COM7,8/8/2016,11.3,11.6,11.2,11.4,11498900
COM7,8/9/2016,11.5,11.6,11.3,11.3,8568505
COM7,8/10/2016,11.4,11.5,11.0,11.0,11804900
COM7,8/11/2016,11.1,11.4,11.0,11.1,7763511
COM7,8/15/2016,10.9,11.2,10.6,10.7,9373600
COM7,8/16/2016,10.6,10.8,10.4,10.4,13290015
COM7,8/17/2016,10.4,10.4,9.95,10.2,13235516
COM7,8/18/2016,10.2,10.7,10.2,10.5,14464958
COM7,8/19/2016,10.5,10.6,10.2,10.4,9580600
COM7,8/22/2016,10.4,10.9,10.3,10.8,8331511
COM7,8/23/2016,10.8,11.1,10.6,11.0,10634616
COM7,8/24/2016,11.0,11.2,10.8,10.8,7365900
COM7,8/25/2016,10.9,11.0,10.6,10.9,8726401
COM7,8/26/2016,10.9,10.9,10.6,10.8,8075510
COM7,8/29/2016,10.8,10.9,10.6,10.7,6109700
COM7,8/30/2016,10.7,11.1,10.7,10.9,10126720
COM7,8/31/2016,10.9,10.9,10.8,10.8,3311603
COM7,9/1/2016,11.1,11.8,11.0,11.7,49119500
COM7,9/2/2016,11.3,12.1,11.0,12.0,111327624
COM7,9/5/2016,12.3,12.4,11.1,11.2,82306552
COM7,9/6/2016,11.4,11.5,11.2,11.3,26218368
COM7,9/7/2016,11.4,11.6,10.9,10.9,23096012
COM7,9/8/2016,11.1,11.3,9.95,10.0,61128104
COM7,9/9/2016,10.0,10.1,9.25,9.3,53794380
COM7,9/12/2016,9.05,9.25,8.65,8.75,31534510
COM7,9/13/2016,9.05,9.4,9.05,9.3,44097064
COM7,9/14/2016,9.2,10.0,9.2,9.9,56841864
COM7,9/15/2016,9.9,10.1,9.85,9.9,31262600
COM7,9/16/2016,10.1,10.3,10.0,10.0,14414457
COM7,9/19/2016,10.2,10.4,10.2,10.4,10644710
COM7,9/20/2016,10.3,10.3,9.95,10.0,17085106
COM7,9/21/2016,10.1,10.4,10.1,10.1,15157700
COM7,9/22/2016,10.3,10.8,10.2,10.8,43489664
COM7,9/23/2016,10.7,10.7,10.4,10.4,35911460
COM7,9/26/2016,10.2,10.7,10.2,10.6,12055499
COM7,9/27/2016,10.8,10.9,10.5,10.5,8113402
COM7,9/28/2016,10.6,10.7,10.4,10.5,5819751
COM7,9/29/2016,10.6,10.6,10.4,10.4,3286123
COM7,9/30/2016,10.4,10.5,10.1,10.2,7905223
COM7,10/3/2016,10.3,10.6,10.3,10.5,10481198
COM7,10/4/2016,10.6,10.9,10.6,10.8,14632123
COM7,10/5/2016,10.8,10.9,10.7,10.8,7377846
COM7,10/6/2016,10.8,11.2,10.8,11.0,20381028
COM7,10/7/2016,11.1,11.3,10.8,10.8,15000750
COM7,10/10/2016,10.1,10.5,10.0,10.1,27965692
COM7,10/11/2016,10.4,10.5,9.85,10.1,17094376
COM7,10/12/2016,9.95,10.1,7.7,9.3,58039772
COM7,10/13/2016,9.15,9.75,8.8,9.7,51404520
COM7,10/14/2016,10.3,10.9,10.0,10.7,58654752
COM7,10/17/2016,10.7,11.0,10.5,10.8,21998802
COM7,10/18/2016,10.9,11.2,10.7,11.0,29951740
COM7,10/19/2016,11.0,11.5,11.0,11.3,34137616
COM7,10/20/2016,11.4,12.0,11.4,12.0,41566776
COM7,10/21/2016,12.4,12.7,12.0,12.1,58769436
COM7,10/25/2016,12.1,12.5,11.8,12.5,26662256
COM7,10/26/2016,12.4,12.5,11.9,12.2,15123680
COM7,10/27/2016,12.1,13.2,11.8,13.2,45982536
COM7,10/28/2016,13.0,13.3,12.8,13.2,11565323
COM7,10/31/2016,13.1,13.3,12.8,12.8,5072900
COM7,11/1/2016,12.8,13.0,12.8,13.0,5018200
COM7,11/2/2016,12.8,12.9,12.5,12.6,7474000
COM7,11/3/2016,12.6,13.1,12.5,13.0,15390900
COM7,11/4/2016,12.8,12.9,12.5,12.9,13997400
COM7,11/7/2016,13.0,13.2,12.8,13.2,12675100
COM7,11/8/2016,13.2,13.3,12.9,13.2,8790800
COM7,11/9/2016,12.9,13.6,12.7,13.5,19334552
COM7,11/10/2016,13.7,13.7,13.2,13.3,5908300
COM7,11/11/2016,13.3,13.3,12.9,12.9,5527300
COM7,11/14/2016,12.5,12.8,12.1,12.8,5128200
COM7,11/15/2016,13.0,13.3,12.8,13.3,9107700
COM7,11/16/2016,13.3,13.4,13.0,13.2,4127200
COM7,11/17/2016,13.2,13.2,12.9,13.1,3308300
COM7,11/18/2016,12.9,13.0,12.6,12.9,7074900
COM7,11/21/2016,12.9,13.0,12.6,13.0,3863400
COM7,11/22/2016,13.0,13.4,13.0,13.2,7686800
COM7,11/23/2016,13.3,13.7,13.3,13.7,10280600
COM7,11/24/2016,13.2,13.2,12.9,13.1,30706800
COM7,11/25/2016,13.2,13.8,13.1,13.7,31982300
COM7,11/28/2016,13.8,14.6,13.8,14.6,26561200
COM7,11/29/2016,14.6,14.7,14.2,14.3,18382700
COM7,11/30/2016,14.3,14.8,14.1,14.1,12806800
COM7,12/1/2016,14.3,14.5,13.6,13.9,10991400
COM7,12/2/2016,13.9,14.1,13.8,14.0,6725000
COM7,12/6/2016,14.0,14.1,13.8,13.9,3458900
COM7,12/7/2016,14.0,14.5,14.0,14.4,9895300
COM7,12/8/2016,14.5,14.6,14.0,14.1,4461600
COM7,12/9/2016,14.1,14.4,14.1,14.4,5763300
COM7,12/13/2016,14.5,14.5,14.2,14.5,2895200
COM7,12/14/2016,14.5,14.5,14.2,14.3,3580500
COM7,12/15/2016,14.1,14.3,14.0,14.2,3963100
COM7,12/16/2016,14.2,14.3,14.1,14.1,1887500
COM7,12/19/2016,14.2,14.2,13.9,14.0,2703000
COM7,12/20/2016,14.1,14.1,13.1,13.4,19879400
COM7,12/21/2016,13.3,13.4,12.6,13.2,14797400
COM7,12/22/2016,13.0,13.2,12.9,12.9,4106600
COM7,12/23/2016,12.8,13.0,12.6,13.0,10733800
COM7,12/26/2016,13.3,13.6,12.8,12.9,22923200
COM7,12/27/2016,13.0,13.2,12.9,13.0,9857100
COM7,12/28/2016,13.1,13.3,13.0,13.2,5659600
COM7,12/29/2016,13.2,13.3,13.1,13.1,3670800
COM7,12/30/2016,13.1,13.2,13.0,13.1,6240300
COM7,1/4/2017,13.2,13.3,13.1,13.2,7418300
COM7,1/5/2017,13.2,13.4,12.9,13.1,11287000
COM7,1/6/2017,13.1,13.4,13.0,13.0,9584300
COM7,1/9/2017,13.0,13.1,12.9,13.0,5041600
COM7,1/10/2017,13.0,13.0,12.6,12.9,12301700
COM7,1/11/2017,12.9,13.2,12.9,13.0,14471100
COM7,1/12/2017,13.1,13.1,12.9,13.1,6665100
COM7,1/13/2017,13.1,13.1,12.9,13.0,5612000
COM7,1/16/2017,13.0,13.1,12.9,12.9,3541700
COM7,1/17/2017,12.9,13.5,12.9,13.1,25822500
COM7,1/18/2017,13.2,13.3,13.0,13.1,6467500
COM7,1/19/2017,13.1,13.1,12.9,12.9,7001000
COM7,1/20/2017,12.9,13.1,12.9,12.9,3447500
COM7,1/23/2017,13.0,13.2,13.0,13.1,2563600
COM7,1/24/2017,13.1,13.2,12.9,13.0,3728600
COM7,1/25/2017,13.0,13.1,12.6,12.7,14671700
COM7,1/26/2017,12.8,13.0,12.0,12.1,24791400
COM7,1/27/2017,12.1,12.4,12.0,12.1,8698900
COM7,1/30/2017,12.2,12.5,12.1,12.2,10551600
COM7,1/31/2017,12.3,12.4,11.7,11.8,12278300
COM7,2/1/2017,11.9,12.2,11.8,11.9,10301200
COM7,2/2/2017,12.1,12.3,11.5,11.6,16119700
COM7,2/3/2017,11.8,11.9,11.6,11.9,9150200
COM7,2/6/2017,12.1,12.1,11.8,11.8,6455500
COM7,2/7/2017,11.9,12.0,11.6,11.7,5117100
COM7,2/8/2017,11.7,11.8,11.5,11.5,4433300
COM7,2/9/2017,11.6,11.9,11.4,11.8,9727800
COM7,2/10/2017,11.9,11.9,11.7,11.7,3320300
COM7,2/14/2017,11.7,11.8,11.6,11.7,2141700
COM7,2/15/2017,11.7,11.7,11.4,11.5,2549400
COM7,2/16/2017,11.6,12.1,11.6,12.1,11014300
COM7,2/17/2017,12.1,12.3,11.9,12.0,6492800
COM7,2/20/2017,12.1,12.3,12.0,12.2,5058600
COM7,2/21/2017,12.2,12.2,11.9,11.9,4491300
COM7,2/22/2017,12.0,12.0,11.7,12.0,2903300
COM7,2/23/2017,12.2,12.2,11.9,11.9,6378400
COM7,2/24/2017,12.0,12.1,11.9,11.9,3605900
COM7,2/27/2017,11.8,11.9,11.7,11.7,5559800
COM7,2/28/2017,11.7,11.9,11.7,11.7,879200
COM7,3/1/2017,11.8,12.0,11.8,12.0,2810000
COM7,3/2/2017,12.0,12.1,11.9,12.0,3953400
COM7,3/3/2017,12.0,12.0,11.9,11.9,1603800
COM7,3/6/2017,11.9,12.0,11.7,11.7,3145700
COM7,3/7/2017,11.8,11.9,11.7,11.8,1008600
COM7,3/8/2017,11.7,11.8,11.0,11.1,8777100
COM7,3/9/2017,10.9,11.1,10.4,10.9,17657400
COM7,3/10/2017,10.9,11.0,10.7,10.7,2048800
COM7,3/13/2017,10.7,10.8,10.0,10.2,8020600
COM7,3/14/2017,10.2,10.7,9.95,10.4,19265200
COM7,3/15/2017,10.5,11.0,10.4,11.0,11672000
COM7,3/16/2017,11.2,11.3,11.0,11.2,18469500
COM7,3/17/2017,11.2,11.3,10.9,11.0,11226800
COM7,3/20/2017,11.0,11.0,10.6,10.8,5050500
COM7,3/21/2017,10.8,11.0,10.7,10.8,3960400
COM7,3/22/2017,10.7,10.9,10.7,10.8,3172100
COM7,3/23/2017,10.8,10.9,10.7,10.7,2872600
COM7,3/24/2017,10.8,10.8,10.5,10.6,5837400
COM7,3/27/2017,10.5,10.6,10.3,10.3,7989100
COM7,3/28/2017,10.4,10.5,10.3,10.4,3250500
COM7,3/29/2017,10.5,10.6,10.4,10.5,2803000
COM7,3/30/2017,10.5,10.9,10.5,10.9,6847300
COM7,3/31/2017,10.9,11.1,10.7,10.7,6735700
COM7,4/3/2017,10.8,10.8,10.5,10.6,4411600
COM7,4/4/2017,10.5,10.7,10.5,10.5,4338500
COM7,4/5/2017,10.6,10.8,10.5,10.5,6862200
COM7,4/7/2017,10.5,10.6,10.4,10.5,3347200
COM7,4/10/2017,10.6,10.6,10.4,10.4,3073300
COM7,4/11/2017,10.4,10.6,10.3,10.3,3705700
COM7,4/12/2017,10.4,10.5,10.3,10.5,2355700
COM7,4/17/2017,10.5,10.5,10.4,10.5,1536800
COM7,4/18/2017,10.4,10.5,10.3,10.3,2831600
COM7,4/19/2017,10.3,10.5,10.3,10.4,1740100
COM7,4/20/2017,10.4,10.5,10.3,10.3,2440300
COM7,4/21/2017,10.4,10.6,10.3,10.4,5158800
COM7,4/24/2017,10.5,10.6,10.4,10.4,3472000
COM7,4/25/2017,10.3,10.4,10.1,10.2,3021500
COM7,4/26/2017,10.1,10.2,10.0,10.1,3674200
COM7,4/27/2017,10.2,10.2,10.0,10.1,3571100
COM7,4/28/2017,10.6,10.6,10.3,10.4,13313000
COM7,5/2/2017,10.5,10.7,10.5,10.6,6173900
COM7,5/3/2017,10.6,10.8,10.5,10.5,6007400
COM7,5/4/2017,10.6,10.9,10.5,10.9,15131800
COM7,5/5/2017,11.0,11.3,10.6,10.7,16761700
COM7,5/8/2017,10.9,11.0,10.8,10.8,6527900
COM7,5/9/2017,10.9,10.9,10.5,10.5,8539800
COM7,5/11/2017,10.6,10.6,10.0,10.1,13642000
COM7,5/12/2017,10.1,10.2,9.85,10.1,7902900
COM7,5/15/2017,10.0,10.0,9.65,9.7,6681900
COM7,5/16/2017,10.0,10.4,9.95,10.4,26032500
COM7,5/17/2017,10.5,11.0,10.5,10.9,30678100
COM7,5/18/2017,10.8,11.4,10.8,11.3,20951800
COM7,5/19/2017,11.5,11.5,11.2,11.3,10780900
COM7,5/22/2017,11.4,11.5,11.2,11.4,6754000
COM7,5/23/2017,11.4,11.6,11.3,11.6,11928600
COM7,5/24/2017,11.6,12.0,11.5,11.9,15568900
COM7,5/25/2017,11.9,12.0,11.8,11.8,5682300
COM7,5/26/2017,11.9,12.0,11.7,11.9,5107600
COM7,5/29/2017,11.9,12.0,11.8,11.8,4772700
COM7,5/30/2017,11.5,11.6,11.1,11.3,21903000
COM7,5/31/2017,11.3,11.5,11.2,11.3,12731700
COM7,6/1/2017,11.4,11.8,11.4,11.6,7728300
COM7,6/2/2017,11.7,11.8,11.5,11.7,5020700
COM7,6/5/2017,11.7,12.0,11.6,11.8,10455300
COM7,6/6/2017,11.9,11.9,11.6,11.8,4435300
COM7,6/7/2017,11.9,12.1,11.6,11.7,24079600
COM7,6/8/2017,11.7,11.9,11.6,11.7,6335800
COM7,6/9/2017,11.7,11.8,11.6,11.7,4337300
COM7,6/12/2017,11.7,11.7,11.4,11.4,2749900
COM7,6/13/2017,11.4,11.5,11.4,11.5,2733700
COM7,6/14/2017,11.6,11.9,11.5,11.5,8177700
COM7,6/15/2017,11.5,11.7,11.5,11.5,2777000
COM7,6/16/2017,11.6,11.7,11.2,11.4,2984300
COM7,6/19/2017,11.5,11.5,11.3,11.4,2480900
COM7,6/20/2017,11.4,11.7,11.3,11.6,2794200
COM7,6/21/2017,11.6,11.7,11.6,11.6,3598400
COM7,6/22/2017,11.7,11.8,11.7,11.7,5075700
COM7,6/23/2017,11.8,12.4,11.8,12.4,35842500
COM7,6/26/2017,12.6,12.7,12.3,12.3,21986000
COM7,6/27/2017,12.4,12.5,12.0,12.1,12767100
COM7,6/28/2017,12.2,12.3,11.9,12.0,7713200
COM7,6/29/2017,12.1,12.2,11.6,11.6,10541800
COM7,6/30/2017,11.6,11.7,11.4,11.5,6783400
COM7,7/3/2017,11.5,11.6,11.4,11.5,4309700
COM7,7/4/2017,11.5,11.6,10.9,11.2,15342500
COM7,7/5/2017,11.3,11.3,11.1,11.1,4968200
COM7,7/6/2017,11.2,11.2,10.8,11.1,6836000
COM7,7/7/2017,11.0,11.5,10.8,11.5,11942100
COM7,7/11/2017,11.7,11.7,11.4,11.4,4648100
COM7,7/12/2017,11.5,11.6,11.4,11.5,2577200
COM7,7/13/2017,11.6,11.7,11.4,11.5,2646600
COM7,7/14/2017,11.5,11.6,11.4,11.4,2230100
COM7,7/17/2017,11.5,11.5,11.3,11.3,3153000
COM7,7/18/2017,11.3,11.4,11.2,11.2,2538500
COM7,7/19/2017,11.2,11.4,11.2,11.3,1997600
COM7,7/20/2017,11.3,11.5,11.3,11.4,3658600
COM7,7/21/2017,11.4,11.5,11.2,11.3,2283000
COM7,7/24/2017,11.2,11.3,11.0,11.0,5229700
COM7,7/25/2017,11.0,11.3,11.0,11.0,10313600
COM7,7/26/2017,11.1,11.3,11.0,11.1,6646600
COM7,7/27/2017,11.2,11.8,11.1,11.8,19403200
COM7,7/31/2017,12.1,12.2,11.5,11.5,36467600
COM7,8/1/2017,11.6,12.1,11.6,12.1,15652500
COM7,8/2/2017,12.1,12.2,12.0,12.2,11331000
COM7,8/3/2017,12.3,12.3,12.0,12.2,8528800
COM7,8/4/2017,12.3,12.4,12.1,12.2,10225300
COM7,8/7/2017,12.2,12.3,12.0,12.0,4302500
COM7,8/8/2017,12.0,12.2,12.0,12.1,5265700
COM7,8/9/2017,12.2,12.2,11.9,11.9,7058300
COM7,8/10/2017,12.1,12.3,12.0,12.3,19495700
COM7,8/11/2017,12.3,12.3,11.8,11.8,15431200
COM7,8/15/2017,12.0,12.5,11.9,12.5,20664900
COM7,8/16/2017,12.5,12.7,12.3,12.6,18823800
COM7,8/17/2017,12.6,12.7,12.3,12.6,13995600
COM7,8/18/2017,12.5,12.6,12.4,12.4,2943800
COM7,8/21/2017,12.4,12.4,11.9,12.2,9584600
COM7,8/22/2017,12.2,12.4,12.1,12.4,3930600
COM7,8/23/2017,12.4,12.5,12.3,12.4,4901700
COM7,8/24/2017,12.4,12.5,12.1,12.2,8152100
COM7,8/25/2017,12.3,12.3,12.1,12.2,2355500
COM7,8/28/2017,12.2,12.6,12.2,12.5,15595700
COM7,8/29/2017,12.5,12.9,12.4,12.8,35479600
COM7,8/30/2017,13.0,13.0,12.8,12.9,12658300
COM7,8/31/2017,12.9,13.2,12.7,13.2,24834300
COM7,9/1/2017,13.2,13.4,13.1,13.3,16900100
COM7,9/4/2017,13.4,13.7,13.4,13.7,30868000
COM7,9/5/2017,13.6,13.7,13.4,13.4,19983700
COM7,9/6/2017,13.5,13.7,13.4,13.6,19765800
COM7,9/7/2017,13.6,13.7,13.5,13.6,15181300
COM7,9/8/2017,13.6,13.7,13.4,13.4,10156900
COM7,9/11/2017,13.5,13.6,13.1,13.2,19282500
COM7,9/12/2017,13.3,14.0,13.3,13.9,42080000
COM7,9/13/2017,14.0,14.2,13.6,13.6,54402700
COM7,9/14/2017,13.6,13.7,13.4,13.6,23344900
COM7,9/15/2017,13.6,13.7,13.4,13.4,10281500
COM7,9/18/2017,13.5,13.6,13.2,13.2,15910400
COM7,9/19/2017,13.3,13.6,13.2,13.5,14257000
COM7,9/20/2017,13.6,13.6,13.4,13.5,10811200
COM7,9/21/2017,13.4,13.5,13.0,13.2,25682500
COM7,9/22/2017,13.2,13.3,12.9,13.1,15449600
COM7,9/25/2017,13.1,13.5,13.0,13.4,16647300
COM7,9/26/2017,13.5,13.5,13.2,13.3,7558400
COM7,9/27/2017,13.3,13.4,13.1,13.2,8949500
COM7,9/28/2017,13.3,13.4,13.2,13.2,12861800
COM7,9/29/2017,13.2,13.7,13.2,13.6,27304000
COM7,10/2/2017,13.6,13.8,13.5,13.7,27088800
COM7,10/3/2017,13.7,13.8,13.5,13.5,11522800
COM7,10/4/2017,13.6,13.7,13.3,13.4,13382000
COM7,10/5/2017,13.5,13.6,13.4,13.6,6357800
COM7,10/6/2017,13.6,13.7,13.5,13.5,7502300
COM7,10/9/2017,13.6,14.0,13.5,13.9,22935200
COM7,10/10/2017,13.9,14.3,13.9,14.2,48823100
COM7,10/11/2017,14.3,14.6,14.2,14.6,33664700
COM7,10/12/2017,14.7,14.7,14.5,14.5,14364800
COM7,10/16/2017,14.7,14.9,14.5,14.5,22451200
COM7,10/17/2017,14.6,14.8,14.5,14.7,11907200
COM7,10/18/2017,14.7,15.2,14.6,14.8,36286400
COM7,10/19/2017,14.9,15.1,14.4,14.5,24241900
COM7,10/20/2017,14.5,14.8,14.4,14.8,11576000
COM7,10/24/2017,14.8,15.4,14.8,15.2,20809400
COM7,10/25/2017,15.3,15.7,15.2,15.5,24646900
COM7,10/27/2017,15.7,15.9,15.5,15.7,14379500
COM7,10/30/2017,15.7,15.8,15.3,15.4,11054400
COM7,10/31/2017,15.3,15.6,15.3,15.5,6255800
COM7,11/1/2017,15.7,15.8,15.1,15.1,18933000
COM7,11/2/2017,15.1,15.4,14.6,15.0,21052100
COM7,11/3/2017,15.0,15.3,14.9,15.3,6237000
COM7,11/6/2017,15.5,15.7,15.3,15.6,15266800
COM7,11/7/2017,15.7,15.9,15.6,15.6,11726600
COM7,11/8/2017,15.7,15.9,15.6,15.8,11703400
COM7,11/9/2017,15.8,16.4,15.8,16.3,50539500
COM7,11/10/2017,16.2,16.3,16.0,16.0,17657900
COM7,11/13/2017,16.1,16.6,15.9,16.4,27752500
COM7,11/14/2017,16.5,17.5,16.5,17.5,40756300
COM7,11/15/2017,17.4,17.5,17.1,17.4,17489100
COM7,11/16/2017,17.5,17.9,17.2,17.2,19363800
COM7,11/17/2017,17.4,17.5,17.0,17.1,13454400
COM7,11/20/2017,17.2,17.5,17.0,17.5,14806900
COM7,11/21/2017,17.5,17.6,17.1,17.1,12020300
COM7,11/22/2017,17.2,17.4,17.0,17.2,14150400
COM7,11/23/2017,17.3,17.3,16.6,16.6,18249000
COM7,11/24/2017,16.7,16.9,15.7,16.3,42848000
COM7,11/27/2017,16.5,16.7,16.4,16.5,15491600
COM7,11/28/2017,16.5,17.0,16.5,16.9,17728300
COM7,11/29/2017,17.1,17.3,16.5,16.6,15016800
COM7,11/30/2017,16.6,16.8,16.2,16.5,16475800
COM7,12/1/2017,16.6,16.8,16.4,16.5,6141100
COM7,12/4/2017,16.5,16.6,15.8,16.0,14236700
COM7,12/6/2017,15.9,16.1,15.1,15.5,17171800
COM7,12/7/2017,15.5,16.0,15.5,15.9,10198300
COM7,12/8/2017,16.0,16.4,15.8,15.9,14202600
COM7,12/12/2017,15.7,16.0,14.7,15.2,22966100
COM7,12/13/2017,15.2,15.2,14.8,14.9,12302400
COM7,12/14/2017,14.7,15.5,14.6,15.5,13808300
COM7,12/15/2017,15.4,15.4,15.0,15.2,7114300
COM7,12/18/2017,15.1,15.5,15.1,15.4,6041600
COM7,12/19/2017,15.5,16.2,15.5,16.0,14334000
COM7,12/20/2017,16.2,16.5,16.1,16.2,14919800
COM7,12/21/2017,16.1,16.4,16.0,16.1,7312800
COM7,12/22/2017,16.1,16.3,16.0,16.0,3506500
COM7,12/25/2017,16.0,16.5,15.9,16.5,5486200
COM7,12/26/2017,16.7,16.7,16.3,16.3,10867800
COM7,12/27/2017,16.3,16.7,16.3,16.4,6743300
COM7,12/28/2017,16.3,16.4,16.0,16.3,4691200
COM7,12/29/2017,16.2,16.3,15.9,16.3,10835800
COM7,1/3/2018,16.4,16.4,16.0,16.0,7450800
COM7,1/4/2018,16.1,16.3,15.6,15.6,15453300
COM7,1/5/2018,15.6,15.9,15.6,15.7,5050100
COM7,1/8/2018,15.7,15.8,15.5,15.5,6075200
COM7,1/9/2018,15.4,15.6,15.3,15.4,6929800
COM7,1/10/2018,15.4,15.8,15.3,15.3,4786600
COM7,1/11/2018,15.3,15.3,15.0,15.2,9799600
COM7,1/12/2018,15.3,15.6,15.3,15.3,5383700
COM7,1/15/2018,15.5,15.7,15.3,15.4,6739200
COM7,1/16/2018,15.5,15.7,15.4,15.4,4460000
COM7,1/17/2018,15.4,16.0,15.3,16.0,17032700
COM7,1/18/2018,16.3,16.5,16.1,16.1,32118000
COM7,1/19/2018,16.1,16.7,16.1,16.7,33185200
COM7,1/22/2018,16.8,17.1,16.6,17.0,35133600
COM7,1/23/2018,17.1,17.2,16.6,16.8,23285000
COM7,1/24/2018,16.8,17.0,16.7,16.9,8547300
COM7,1/25/2018,16.9,17.3,16.7,16.7,24168000
COM7,1/26/2018,16.7,17.1,16.3,17.0,18449700
COM7,1/29/2018,17.1,17.5,17.0,17.5,30772700
COM7,1/30/2018,17.4,17.5,17.2,17.4,16976300
COM7,1/31/2018,17.3,17.5,17.2,17.4,14067300
COM7,2/1/2018,17.5,17.5,17.2,17.3,6692000
COM7,2/2/2018,17.3,17.3,16.7,16.8,13983400
COM7,2/5/2018,16.4,16.8,16.3,16.5,10396600
COM7,2/6/2018,16.1,16.3,15.7,16.1,26341800
COM7,2/7/2018,16.4,16.7,16.3,16.6,16675700
COM7,2/8/2018,16.7,16.9,16.5,16.8,8687600
COM7,2/9/2018,16.5,16.8,16.5,16.6,15323500
COM7,2/12/2018,16.7,16.8,16.5,16.7,10522300
COM7,2/13/2018,16.8,16.8,16.5,16.5,7541600
COM7,2/14/2018,16.6,16.7,16.3,16.6,10077000
COM7,2/15/2018,16.6,16.7,16.4,16.5,3645200
COM7,2/16/2018,16.7,17.2,16.7,17.1,18941400
COM7,2/19/2018,17.3,17.4,17.0,17.0,12195600
COM7,2/20/2018,17.2,17.3,17.0,17.2,8009100
COM7,2/21/2018,17.3,17.4,16.7,16.9,15597100
COM7,2/22/2018,17.0,17.3,16.8,17.1,18405200
COM7,2/23/2018,17.1,18.3,17.1,18.3,58488600
COM7,2/26/2018,18.5,19.2,18.4,19.1,45257900
COM7,2/27/2018,19.1,19.1,18.7,18.7,16177200
COM7,2/28/2018,18.7,19.5,18.6,19.3,29605900
COM7,3/2/2018,18.9,19.1,18.2,18.3,22226300
COM7,3/5/2018,18.5,18.9,18.1,18.6,17983200
COM7,3/6/2018,18.7,19.1,18.6,18.7,14108800
COM7,3/7/2018,18.7,18.9,18.5,18.5,8697300
COM7,3/8/2018,18.7,18.8,18.2,18.3,10561600
COM7,3/9/2018,18.3,18.3,17.5,18.2,20295300
COM7,3/12/2018,18.4,18.8,18.4,18.7,7209100
COM7,3/13/2018,18.7,18.7,18.3,18.5,11940000
COM7,3/14/2018,18.4,19.2,18.3,18.8,19372200
COM7,3/15/2018,18.9,19.4,18.7,18.7,28497800
COM7,3/16/2018,18.6,19.0,18.5,18.7,4815000
COM7,3/19/2018,18.5,18.7,18.3,18.3,8519800
COM7,3/20/2018,18.2,18.6,18.1,18.2,7421300
COM7,3/21/2018,18.3,18.4,18.1,18.1,6897800
COM7,3/22/2018,18.2,18.5,18.1,18.3,5625900
COM7,3/23/2018,18.0,18.3,18.0,18.1,7213500
COM7,3/26/2018,18.1,18.2,17.9,17.9,4311000
COM7,3/27/2018,18.0,18.7,17.9,18.6,15076200
COM7,3/28/2018,18.5,18.8,18.4,18.6,15208400
COM7,3/29/2018,18.7,18.8,18.5,18.8,11545200
COM7,3/30/2018,18.8,19.4,18.6,19.0,30849800
COM7,4/2/2018,19.0,19.6,18.8,19.5,24612200
COM7,4/3/2018,19.5,19.9,19.1,19.1,21082100
COM7,4/4/2018,19.1,19.5,18.6,19.0,14978600
COM7,4/5/2018,19.2,19.3,18.8,18.9,6809700
COM7,4/9/2018,18.7,19.0,18.7,18.9,6457300
COM7,4/10/2018,18.9,19.3,18.9,19.2,12382900
COM7,4/11/2018,19.2,19.5,19.1,19.1,7610000
COM7,4/12/2018,19.2,19.2,18.9,18.9,3389800
COM7,4/17/2018,18.9,18.9,17.8,18.3,26856200
COM7,4/18/2018,18.3,19.2,18.0,19.0,24562300
COM7,4/19/2018,19.2,19.6,19.0,19.4,13405600
COM7,4/20/2018,19.4,19.5,19.0,19.4,8802600
COM7,4/23/2018,19.3,19.5,19.1,19.2,3851400
COM7,4/24/2018,19.3,19.7,19.0,19.0,14360700
COM7,4/25/2018,18.8,19.2,18.6,18.9,8961000
COM7,4/26/2018,19.0,19.2,18.8,18.9,3039000
COM7,4/27/2018,18.9,19.3,18.9,19.1,3972600
COM7,4/30/2018,19.2,19.4,18.7,18.8,15813300
COM7,5/2/2018,18.7,19.2,18.4,19.2,9883500
COM7,5/3/2018,19.1,19.3,18.9,19.1,9196600
COM7,5/4/2018,19.0,19.1,18.9,19.0,2458300
COM7,5/7/2018,19.1,19.4,18.9,19.2,7843800
COM7,5/8/2018,19.3,19.5,19.0,19.1,9168400
COM7,5/9/2018,19.2,19.7,19.1,19.7,18786400
COM7,5/10/2018,20.2,20.3,19.7,19.8,22697900
COM7,5/11/2018,19.9,20.1,19.8,20.0,7572900
COM7,5/14/2018,20.2,20.2,19.7,19.7,4191800
COM7,5/15/2018,19.7,19.8,19.4,19.7,5224400
COM7,5/16/2018,19.7,19.8,18.9,19.1,11432200
COM7,5/17/2018,19.1,19.2,18.3,18.8,19582100
COM7,5/18/2018,18.6,18.8,18.3,18.4,13841700
COM7,5/21/2018,18.3,18.9,18.2,18.7,11453300
COM7,5/22/2018,18.7,18.9,18.3,18.4,9061100
COM7,5/23/2018,18.4,18.6,18.3,18.4,4456900
COM7,5/24/2018,18.5,18.5,17.7,18.1,14263900
COM7,5/25/2018,18.1,18.3,17.7,17.8,11287600
COM7,5/28/2018,17.8,18.0,17.2,17.5,18906700
COM7,5/30/2018,17.4,18.4,17.3,18.0,18828800
COM7,5/31/2018,18.1,18.5,18.0,18.3,10416000
COM7,6/1/2018,18.2,18.4,17.8,17.8,6857300
COM7,6/4/2018,17.9,18.1,17.6,17.6,7167100
COM7,6/5/2018,17.6,17.9,17.2,17.8,14384600
COM7,6/6/2018,17.9,18.2,17.7,17.7,4507000
COM7,6/7/2018,17.8,18.1,17.7,17.8,4042900
COM7,6/8/2018,17.7,17.9,17.6,17.8,3969600
COM7,6/11/2018,17.7,18.0,17.7,17.8,2731100
COM7,6/12/2018,17.8,18.2,17.8,18.1,6413900
COM7,6/13/2018,18.3,18.5,18.1,18.3,9147800
COM7,6/14/2018,18.2,18.4,17.9,18.4,7825300
COM7,6/15/2018,18.4,18.5,18.1,18.3,3336600
COM7,6/18/2018,18.1,18.3,17.7,17.8,5411600
COM7,6/19/2018,17.4,17.8,17.4,17.8,7039000
COM7,6/20/2018,17.8,18.0,17.6,18.0,8780900
COM7,6/21/2018,18.0,18.0,17.7,17.7,2861600
COM7,6/22/2018,17.7,18.0,17.6,17.7,3398700
COM7,6/25/2018,17.8,17.9,17.6,17.7,1957700
COM7,6/26/2018,17.6,17.8,17.4,17.5,5765000
COM7,6/27/2018,17.5,18.0,17.3,17.3,6263700
COM7,6/28/2018,17.5,17.5,16.2,16.2,13583600
COM7,6/29/2018,16.2,16.6,15.2,16.6,12602800
COM7,7/2/2018,16.5,17.5,16.1,17.5,7427300
COM7,7/3/2018,17.3,17.8,17.2,17.6,5489200
COM7,7/4/2018,17.6,17.8,17.1,17.4,3650400
COM7,7/5/2018,17.5,17.6,16.5,16.6,6890300
COM7,7/6/2018,16.4,17.1,16.3,17.0,4958900
COM7,7/9/2018,17.2,17.6,17.1,17.1,8092200
COM7,7/10/2018,17.2,17.8,17.2,17.6,5457800
COM7,7/11/2018,17.5,17.7,17.3,17.6,2708700
COM7,7/12/2018,17.8,18.0,17.5,17.8,2380800
COM7,7/13/2018,18.0,18.1,17.9,17.9,2294800
COM7,7/16/2018,17.9,18.0,17.4,17.6,1441100
COM7,7/17/2018,17.4,17.4,16.7,16.9,10485800
COM7,7/18/2018,17.0,17.3,16.9,17.0,5266300
COM7,7/19/2018,17.1,17.4,17.0,17.3,4896600
COM7,7/20/2018,17.3,17.7,17.3,17.6,3652900
COM7,7/23/2018,17.6,17.7,17.5,17.7,1170200
COM7,7/24/2018,17.8,18.1,17.6,18.0,5631500
COM7,7/25/2018,18.3,18.3,17.8,17.8,8031800
COM7,7/26/2018,18.0,18.1,17.9,17.9,3023900
COM7,7/31/2018,18.1,18.2,17.9,18.1,5443100
COM7,8/1/2018,18.2,18.3,18.0,18.2,5133700
COM7,8/2/2018,18.2,18.2,17.9,18.1,2829500
COM7,8/3/2018,18.0,18.8,17.9,18.5,20967100
COM7,8/6/2018,18.6,18.7,18.1,18.2,6828800
COM7,8/7/2018,18.3,18.6,18.1,18.3,5448000
COM7,8/8/2018,18.2,18.6,18.0,18.5,5224900
COM7,8/9/2018,18.5,18.7,18.5,18.6,3489800
COM7,8/10/2018,18.6,18.7,18.5,18.5,2140100
COM7,8/14/2018,18.4,18.8,18.2,18.8,4223900
COM7,8/15/2018,19.0,19.1,18.3,18.3,17076700
COM7,8/16/2018,18.2,18.7,18.0,18.7,7322100
COM7,8/17/2018,18.8,18.9,18.6,18.7,3073300
COM7,8/20/2018,18.8,18.9,18.6,18.6,1788300
COM7,8/21/2018,18.7,18.7,18.3,18.4,4373000
COM7,8/22/2018,18.5,18.8,18.4,18.8,3365700
COM7,8/23/2018,18.7,18.8,18.6,18.6,1232900
COM7,8/24/2018,18.7,18.8,18.6,18.7,1032100
COM7,8/27/2018,18.8,19.5,18.8,19.4,17072400
COM7,8/28/2018,19.5,19.5,19.1,19.1,5296800
COM7,8/29/2018,19.2,19.4,19.1,19.2,2150500
COM7,8/30/2018,19.3,19.5,19.1,19.1,6565100
COM7,8/31/2018,19.1,19.2,18.9,19.2,6453700
COM7,9/3/2018,19.3,19.4,19.1,19.2,4413000
COM7,9/4/2018,19.2,19.6,19.1,19.4,8582200
COM7,9/5/2018,19.4,19.5,19.0,19.2,3066900
COM7,9/6/2018,19.1,19.4,19.0,19.2,2687100
COM7,9/7/2018,19.1,19.5,19.1,19.4,4909500
COM7,9/10/2018,19.4,19.4,19.1,19.4,2509600
COM7,9/11/2018,19.4,19.7,19.1,19.2,12933700
COM7,9/12/2018,19.3,19.5,19.2,19.2,7973900
COM7,9/13/2018,19.4,20.0,19.2,19.4,21381400
COM7,9/14/2018,19.5,19.6,19.4,19.4,3813000
COM7,9/17/2018,19.4,19.6,19.3,19.4,4053500
COM7,9/18/2018,19.4,19.8,19.4,19.6,6145100
COM7,9/19/2018,19.6,20.4,19.6,20.1,30139700
COM7,9/20/2018,20.3,20.4,20.1,20.2,7785200
COM7,9/21/2018,20.4,21.0,20.4,20.8,15114500
COM7,9/24/2018,20.8,20.8,20.5,20.6,3672100
COM7,9/25/2018,20.6,20.8,20.5,20.7,2645600
COM7,9/26/2018,20.8,21.4,20.7,21.4,13289800
COM7,9/27/2018,21.5,21.8,21.3,21.8,8576700
COM7,9/28/2018,22.2,22.5,22.0,22.5,12470600
COM7,10/1/2018,22.7,23.5,21.9,22.0,18429400
COM7,10/2/2018,22.0,22.6,21.8,22.2,14310400
COM7,10/3/2018,22.8,22.8,21.6,21.8,8515300
COM7,10/4/2018,21.6,21.6,21.1,21.6,20417900
COM7,10/5/2018,21.7,21.9,21.4,21.6,6578700
COM7,10/8/2018,21.4,21.8,21.2,21.3,10383000
COM7,10/9/2018,21.3,21.8,21.2,21.7,4555500
COM7,10/10/2018,22.0,22.1,21.5,21.6,7295600
COM7,10/11/2018,21.1,21.3,20.7,21.0,10660000
COM7,10/12/2018,21.2,22.6,21.2,22.4,9727400
COM7,10/16/2018,22.4,22.8,22.0,22.2,8897900
COM7,10/17/2018,22.4,22.5,22.1,22.1,1889800
COM7,10/18/2018,22.2,22.6,21.9,22.1,7770600
COM7,10/19/2018,21.8,22.2,21.5,21.9,9955600
COM7,10/22/2018,21.9,22.1,21.6,21.7,1639700
COM7,10/24/2018,21.4,21.6,20.3,20.5,19172900
COM7,10/25/2018,20.3,21.4,20.3,21.0,10101200
COM7,10/26/2018,21.0,21.4,20.9,21.0,2753100
COM7,10/29/2018,21.2,21.4,20.9,21.2,2620600
COM7,10/30/2018,21.3,21.3,20.5,20.6,5336100
COM7,10/31/2018,20.9,21.0,20.6,20.7,6782800
COM7,11/1/2018,20.9,21.2,20.7,20.8,6573900
COM7,11/2/2018,20.9,21.3,20.7,21.1,6721100
COM7,11/5/2018,21.2,21.5,21.1,21.2,4802500
COM7,11/6/2018,21.3,21.4,21.0,21.0,2695300
COM7,11/7/2018,21.0,21.2,20.7,21.1,4282800
COM7,11/8/2018,21.2,21.5,21.2,21.4,3825900
COM7,11/9/2018,21.4,21.6,21.0,21.0,3922100
COM7,11/12/2018,21.4,21.4,20.6,20.7,3692300
COM7,11/13/2018,20.5,20.7,20.4,20.5,4050800
COM7,11/14/2018,20.5,20.6,20.3,20.3,3724500
COM7,11/15/2018,20.2,20.2,19.8,19.9,4991200
COM7,11/16/2018,20.0,20.1,19.6,19.8,2914400
COM7,11/19/2018,19.7,19.7,18.9,18.9,6708800
COM7,11/20/2018,18.9,19.0,18.0,18.3,10228200
COM7,11/21/2018,18.1,18.8,18.1,18.7,7579900
COM7,11/22/2018,18.7,19.0,18.2,18.5,6409100
COM7,11/23/2018,18.5,18.7,18.0,18.6,7386000
COM7,11/26/2018,18.7,18.9,18.4,18.6,7932800
COM7,11/27/2018,18.5,18.8,18.5,18.5,3175200
COM7,11/28/2018,18.5,18.9,18.5,18.8,4935100
COM7,11/29/2018,18.9,19.1,18.8,19.0,4243000
COM7,11/30/2018,19.1,19.2,18.9,19.0,1424900
COM7,12/3/2018,19.2,19.4,18.7,19.0,8672000
COM7,12/4/2018,18.9,18.9,18.6,18.7,4884900
COM7,12/6/2018,18.6,19.1,18.5,18.9,4465400
COM7,12/7/2018,18.9,19.9,18.9,19.8,10304900
COM7,12/11/2018,19.6,19.7,19.3,19.5,4925500
COM7,12/12/2018,19.6,19.8,19.6,19.6,1226700
COM7,12/13/2018,19.8,20.1,19.6,19.8,3352200
COM7,12/14/2018,19.9,19.9,19.2,19.3,1861200
COM7,12/17/2018,19.3,19.4,18.8,18.9,2105400
COM7,12/18/2018,18.8,18.9,18.0,18.2,5004900
COM7,12/19/2018,18.1,18.5,17.5,18.3,4973900
COM7,12/20/2018,18.2,18.3,17.7,18.2,3482600
COM7,12/21/2018,17.8,18.2,17.7,17.8,2931600
COM7,12/24/2018,17.9,18.0,17.6,17.8,2628700
COM7,12/25/2018,17.5,17.5,16.4,16.4,7522400
COM7,12/26/2018,16.3,16.5,16.2,16.3,5027700
COM7,12/27/2018,16.7,17.1,15.9,15.9,7657100
COM7,12/28/2018,15.6,15.8,15.4,15.5,5872100
COM7,1/2/2019,15.6,15.6,14.5,14.9,10059100
COM7,1/3/2019,15.0,15.0,13.0,13.1,28487000
COM7,1/4/2019,12.7,13.6,11.5,13.5,70530896
COM7,1/7/2019,13.7,13.9,13.4,13.4,22442300
COM7,1/8/2019,13.5,14.3,13.3,13.7,26323500
COM7,1/9/2019,13.8,14.0,13.6,13.7,9749200
COM7,1/10/2019,13.7,13.8,12.6,12.7,18744300
COM7,1/11/2019,12.7,13.3,12.4,13.1,18395000
COM7,1/14/2019,13.1,13.5,12.8,13.3,12064900
COM7,1/15/2019,13.2,13.3,12.9,13.0,6658500
COM7,1/16/2019,13.1,13.2,12.4,13.0,17903600
COM7,1/17/2019,13.0,13.1,12.9,12.9,4622500
COM7,1/18/2019,12.9,13.1,12.7,13.0,10008100
COM7,1/21/2019,13.2,13.3,12.8,12.9,6951800
COM7,1/22/2019,13.0,14.0,12.9,14.0,14836500
COM7,1/23/2019,13.8,14.3,13.6,13.9,17920900
COM7,1/24/2019,14.0,14.5,13.9,14.2,12975600
COM7,1/25/2019,14.3,14.5,14.2,14.4,10701900
COM7,1/28/2019,14.6,15.4,14.5,14.9,21081900
COM7,1/29/2019,14.9,14.9,14.3,14.7,17128600
COM7,1/30/2019,14.8,14.9,14.6,14.9,4692600
COM7,1/31/2019,15.1,15.5,15.1,15.2,13359000
COM7,2/1/2019,15.1,15.2,14.8,15.0,10467300
COM7,2/4/2019,15.1,15.4,15.0,15.2,9203100
COM7,2/5/2019,15.3,15.3,15.1,15.2,4185100
COM7,2/6/2019,15.3,15.6,15.2,15.2,7592000
COM7,2/7/2019,15.2,15.2,14.7,14.7,9025100
COM7,2/8/2019,14.7,14.9,14.5,14.7,7229000
COM7,2/11/2019,14.8,15.3,14.6,15.1,13050900
COM7,2/12/2019,15.1,16.2,15.1,16.1,23056400
COM7,2/13/2019,16.2,16.5,16.2,16.4,12709800
COM7,2/14/2019,16.4,16.9,16.3,16.6,13619400
COM7,2/15/2019,16.5,16.9,16.3,16.5,8714100
COM7,2/18/2019,16.8,16.9,16.5,16.6,3824900
COM7,2/20/2019,16.6,16.7,16.1,16.2,6485000
COM7,2/21/2019,16.3,16.6,16.2,16.6,5852700
COM7,2/22/2019,16.5,17.3,16.5,17.3,15063600
COM7,2/25/2019,17.4,18.4,17.4,18.0,15088000
COM7,2/26/2019,18.1,18.3,17.5,17.6,11705900
COM7,2/27/2019,17.7,18.1,17.5,17.9,5852800
COM7,2/28/2019,18.0,18.0,17.7,17.9,3773300
COM7,3/1/2019,18.0,18.3,17.9,18.1,6274500
COM7,3/4/2019,18.2,18.2,17.8,18.0,3503200
COM7,3/5/2019,18.1,18.3,17.8,18.3,4620200
COM7,3/6/2019,18.3,18.3,18.1,18.2,3973000
COM7,3/7/2019,18.2,19.0,18.2,18.6,9799400
COM7,3/8/2019,18.6,18.9,18.3,18.7,5255000
COM7,3/11/2019,18.8,19.1,18.8,19.0,5379900
COM7,3/12/2019,19.0,19.3,19.0,19.3,4406700
COM7,3/13/2019,19.2,19.4,18.9,19.1,5048100
COM7,3/14/2019,19.1,19.2,18.3,18.4,8689200
COM7,3/15/2019,18.4,18.9,18.4,18.6,4775400
COM7,3/18/2019,18.7,18.9,18.3,18.3,5296100
COM7,3/19/2019,18.3,18.7,18.3,18.7,1814500
COM7,3/20/2019,18.7,18.7,18.4,18.6,2119700
COM7,3/21/2019,18.6,18.8,18.4,18.4,3465700
COM7,3/22/2019,18.6,18.6,17.7,17.8,11512000
COM7,3/25/2019,17.5,17.8,17.1,17.3,8089900
COM7,3/26/2019,17.4,17.7,17.4,17.6,2675000
COM7,3/27/2019,17.8,17.9,17.5,17.5,2949500
COM7,3/28/2019,17.6,17.8,17.5,17.6,1193000
COM7,3/29/2019,17.8,17.9,17.7,17.9,3023600
COM7,4/1/2019,18.0,18.4,18.0,18.2,5464000
COM7,4/2/2019,18.4,18.8,18.3,18.7,8541500
COM7,4/3/2019,18.7,18.8,18.5,18.6,4809300
COM7,4/4/2019,18.6,18.7,18.2,18.4,2865200
COM7,4/5/2019,18.5,18.5,18.2,18.3,3270800
COM7,4/9/2019,18.4,18.4,18.0,18.2,4636300
COM7,4/10/2019,18.2,18.6,18.1,18.5,8709800
COM7,4/11/2019,18.5,18.7,18.4,18.5,3047000
COM7,4/12/2019,18.5,18.5,18.2,18.3,1519700
COM7,4/17/2019,18.4,18.6,18.3,18.4,4206300
COM7,4/18/2019,18.4,18.8,18.4,18.4,4906500
COM7,4/19/2019,18.5,18.5,18.4,18.4,1654100
COM7,4/22/2019,18.6,19.3,18.5,19.3,18499600
COM7,4/23/2019,19.3,19.7,19.1,19.5,9566500
COM7,4/24/2019,19.6,19.6,19.1,19.3,4665900
COM7,4/25/2019,19.3,19.4,19.2,19.2,2414700
COM7,4/26/2019,19.2,19.3,18.7,18.9,4957200
COM7,4/29/2019,18.9,19.4,18.9,19.4,6204600
COM7,4/30/2019,19.4,19.8,19.3,19.7,10418800
COM7,5/2/2019,19.7,19.9,19.5,19.8,7528800
COM7,5/3/2019,19.6,20.1,19.6,20.0,7078500
COM7,5/7/2019,19.4,19.7,19.2,19.4,5788300
COM7,5/8/2019,19.3,19.5,19.1,19.4,6691400
COM7,5/9/2019,19.3,19.4,18.7,19.1,9361000
COM7,5/10/2019,19.3,20.2,19.2,20.1,21506600
COM7,5/13/2019,19.9,20.1,19.6,19.7,7516400
COM7,5/14/2019,19.7,20.2,19.6,20.1,8543700
COM7,5/15/2019,20.2,20.3,19.6,19.7,8362400
COM7,5/16/2019,19.7,20.1,19.3,20.1,7546000
COM7,5/17/2019,20.0,20.3,19.9,19.9,2868200
COM7,5/21/2019,19.7,19.7,18.5,19.1,19413500
COM7,5/22/2019,19.3,19.5,19.2,19.3,4087900
COM7,5/23/2019,19.2,19.7,19.0,19.1,5982600
COM7,5/24/2019,19.0,19.4,18.9,19.3,3311000
COM7,5/27/2019,19.4,19.6,19.3,19.6,3709000
COM7,5/28/2019,19.7,19.7,19.4,19.6,4999700
COM7,5/29/2019,19.6,19.7,19.3,19.3,3883600
COM7,5/30/2019,19.3,19.7,19.2,19.4,3998300
COM7,5/31/2019,19.5,19.6,19.3,19.5,1776500
COM7,6/4/2019,19.6,19.9,19.5,19.7,8524000
COM7,6/5/2019,19.9,20.4,19.8,20.2,17494400
COM7,6/6/2019,20.2,20.8,19.9,20.6,12236200
COM7,6/7/2019,20.8,22.0,20.7,20.8,25493800
COM7,6/10/2019,20.8,21.2,20.7,20.9,5086400
COM7,6/11/2019,21.0,21.1,20.4,20.5,10019600
COM7,6/12/2019,20.5,20.9,20.2,20.6,6853500
COM7,6/13/2019,20.6,21.3,20.6,21.3,7950900
COM7,6/14/2019,21.3,21.8,21.1,21.7,10812400
COM7,6/17/2019,21.7,21.9,21.5,21.7,4148300
COM7,6/18/2019,21.7,22.8,21.7,22.7,18833400
COM7,6/19/2019,22.9,22.9,22.3,22.3,9976900
COM7,6/20/2019,22.4,22.6,21.4,21.7,16784100
COM7,6/21/2019,21.8,22.0,21.5,21.6,8026000
COM7,6/24/2019,21.6,21.9,21.5,21.6,3701600
COM7,6/25/2019,21.6,21.7,21.5,21.5,3632600
COM7,6/26/2019,21.5,21.8,21.5,21.7,4436500
COM7,6/27/2019,21.8,22.5,21.6,22.3,14733800
COM7,6/28/2019,22.2,22.3,21.7,21.8,7654100
COM7,7/1/2019,22.1,22.6,21.9,22.3,13345600
COM7,7/2/2019,22.4,22.6,22.3,22.5,5544500
COM7,7/3/2019,22.5,22.5,22.0,22.1,6757500
COM7,7/4/2019,22.2,22.3,21.7,22.0,9008400
COM7,7/5/2019,22.0,22.3,21.9,22.0,5440200
COM7,7/8/2019,21.9,22.6,21.8,22.6,14984300
COM7,7/9/2019,22.7,24.6,22.7,24.5,55332400
COM7,7/10/2019,24.5,24.7,24.2,24.3,21153700
COM7,7/11/2019,24.1,24.8,23.8,24.0,18812500
COM7,7/12/2019,24.0,24.3,23.9,24.0,9166300
COM7,7/15/2019,23.9,24.1,23.6,23.6,6176400
COM7,7/17/2019,23.5,24.1,23.3,23.8,13064800
COM7,7/18/2019,23.9,24.4,23.6,23.6,17036100
COM7,7/19/2019,23.7,24.0,23.6,23.8,4204700
COM7,7/22/2019,23.8,23.9,23.6,23.7,2596000
COM7,7/23/2019,23.9,24.2,23.7,23.9,10156900
COM7,7/24/2019,23.9,24.6,23.8,24.3,13115900
COM7,7/25/2019,24.3,24.9,24.2,24.3,15433900
COM7,7/26/2019,24.4,24.6,24.2,24.3,5221400
COM7,7/30/2019,24.4,24.6,23.6,24.0,6434200
COM7,7/31/2019,23.9,25.5,23.9,25.25,16883600
COM7,8/1/2019,25.25,25.75,24.4,24.6,12258600
COM7,8/2/2019,24.4,25.25,24.3,24.9,7835200
COM7,8/5/2019,24.9,25.25,24.7,25.0,6112500
COM7,8/6/2019,24.6,25.75,24.5,25.75,8971800
COM7,8/7/2019,25.75,26.0,25.0,26.0,4358900
COM7,8/8/2019,25.75,26.0,25.25,25.5,4285800
COM7,8/9/2019,25.5,26.0,24.7,25.25,7047700
COM7,8/13/2019,24.9,25.25,24.5,24.9,7385600
COM7,8/14/2019,25.25,25.25,24.8,25.25,2922900
COM7,8/15/2019,24.5,25.75,23.2,25.5,19106300
COM7,8/16/2019,25.75,26.0,25.5,26.0,7222700
COM7,8/19/2019,26.0,26.0,25.5,26.0,4167700
COM7,8/20/2019,26.0,26.5,25.75,26.5,7943500
COM7,8/21/2019,26.5,26.5,26.0,26.25,2527000
COM7,8/22/2019,26.25,26.5,26.25,26.25,2788700
COM7,8/23/2019,26.0,26.25,25.75,26.0,2679400
COM7,8/26/2019,25.0,26.0,25.0,25.5,7157700
COM7,8/27/2019,25.75,26.0,25.25,26.0,3883300
COM7,8/28/2019,26.0,26.0,25.5,25.75,1892900
COM7,8/29/2019,26.0,26.25,25.5,26.0,2685400
COM7,8/30/2019,26.0,26.25,25.75,26.0,2785700
COM7,9/2/2019,26.25,26.25,26.0,26.25,1713500
COM7,9/3/2019,26.25,26.5,26.0,26.25,805300
COM7,9/4/2019,26.25,26.25,25.25,25.5,5893700
COM7,9/5/2019,25.75,26.0,25.0,25.5,5614400
COM7,9/6/2019,25.75,26.0,25.5,25.75,1085500
COM7,9/9/2019,25.75,26.0,25.25,25.25,2194600
COM7,9/10/2019,25.25,25.5,24.7,24.9,7474400
COM7,9/11/2019,25.25,26.0,25.0,25.25,8516400
COM7,9/12/2019,25.25,25.5,24.9,24.9,6092800
COM7,9/13/2019,25.0,25.25,24.3,24.4,9928500
COM7,9/16/2019,23.7,24.9,23.7,24.5,11156600
COM7,9/17/2019,24.3,25.0,24.2,24.3,7774200
COM7,9/18/2019,24.4,24.5,23.7,23.9,7692500
COM7,9/19/2019,24.0,24.1,23.3,23.5,5352400
COM7,9/20/2019,23.5,24.0,23.2,23.3,8656500
COM7,9/23/2019,23.3,23.7,23.2,23.3,5271900
COM7,9/24/2019,23.4,23.6,23.3,23.4,3862300
COM7,9/25/2019,23.4,24.3,23.4,24.3,7891800
COM7,9/26/2019,24.4,24.9,24.3,24.5,7876200
COM7,9/27/2019,24.7,24.9,24.5,24.6,5368100
COM7,9/30/2019,24.7,24.8,24.3,24.4,4529600
COM7,10/1/2019,24.8,24.8,24.5,24.6,3979000
COM7,10/2/2019,24.5,24.7,24.1,24.3,5536000
COM7,10/3/2019,24.3,24.7,24.2,24.5,3473500
COM7,10/4/2019,24.7,24.8,24.5,24.5,2764200
COM7,10/7/2019,24.6,25.25,24.6,25.25,4724900
COM7,10/8/2019,25.25,25.5,24.9,24.9,4997900
COM7,10/9/2019,25.0,25.0,24.2,24.9,5794800
COM7,10/10/2019,25.0,25.25,24.7,25.0,6389600
COM7,10/11/2019,25.25,26.25,25.0,26.0,9287000
COM7,10/15/2019,26.25,27.0,26.0,27.0,11562800
COM7,10/16/2019,27.0,27.75,26.75,27.25,7238300
COM7,10/17/2019,27.25,27.75,27.25,27.75,5163200
COM7,10/18/2019,27.75,28.0,27.25,27.75,5863800
COM7,10/21/2019,28.0,29.25,27.75,28.5,16024400
COM7,10/22/2019,28.75,29.0,28.5,28.75,4192800
COM7,10/24/2019,29.25,29.75,28.75,29.0,6819100
COM7,10/25/2019,29.0,29.0,27.25,28.5,9060900
COM7,10/28/2019,28.5,29.25,27.5,29.0,4297900
COM7,10/29/2019,29.25,29.5,28.25,28.25,6337000
COM7,10/30/2019,28.25,28.75,28.0,28.25,4631000
COM7,10/31/2019,28.25,29.0,28.0,28.75,3648700
COM7,11/1/2019,28.75,28.75,28.0,28.0,5239800
COM7,11/4/2019,28.25,29.75,28.25,29.25,14780900
COM7,11/5/2019,29.25,29.5,28.75,29.0,3709700
COM7,11/6/2019,29.25,29.25,28.0,28.5,7188100
COM7,11/7/2019,28.75,28.75,28.0,28.5,3603300
COM7,11/8/2019,28.5,29.25,28.0,29.0,7450300
COM7,11/11/2019,29.0,29.0,28.5,28.75,3905900
COM7,11/12/2019,28.75,29.25,28.75,28.75,1867200
COM7,11/13/2019,28.75,29.25,28.75,28.75,5980800
COM7,11/14/2019,28.0,28.25,27.25,28.0,6664600
COM7,11/15/2019,28.25,29.25,28.25,28.75,3490700
COM7,11/18/2019,28.75,29.0,28.5,28.5,2380300
COM7,11/19/2019,28.25,28.75,28.0,28.0,2651000
COM7,11/20/2019,28.0,28.75,27.75,28.5,3325900
COM7,11/21/2019,28.25,28.5,27.75,27.75,3398600
COM7,11/22/2019,27.75,28.25,27.75,27.75,1543100
COM7,11/25/2019,28.0,28.25,27.75,28.0,1655800
COM7,11/26/2019,28.25,28.5,28.0,28.25,1865200
COM7,11/27/2019,28.0,28.75,28.0,28.5,2316600
COM7,11/28/2019,28.5,28.5,28.0,28.25,1419600
COM7,11/29/2019,28.25,28.25,27.75,28.0,2820200
COM7,12/2/2019,28.0,28.0,26.5,26.75,7262300
COM7,12/3/2019,26.5,27.5,26.5,27.0,2860300
COM7,12/4/2019,27.25,27.5,27.0,27.5,1624700
COM7,12/6/2019,28.0,28.0,27.25,27.25,2328500
COM7,12/9/2019,27.25,27.75,27.0,27.25,1686100
COM7,12/11/2019,27.25,27.75,26.75,26.75,2732700
COM7,12/12/2019,27.0,27.25,26.5,26.5,6846200
COM7,12/13/2019,27.25,28.25,27.0,27.5,5579600
COM7,12/16/2019,27.25,27.5,26.75,26.75,1397400
COM7,12/17/2019,26.75,27.0,25.25,26.5,12324500
COM7,12/18/2019,26.75,27.0,26.5,26.5,1856200
COM7,12/19/2019,26.75,26.75,25.5,26.0,3447600
COM7,12/20/2019,26.0,26.25,25.25,25.25,4492200
COM7,12/23/2019,25.25,25.25,24.5,24.8,11190700
COM7,12/24/2019,24.8,25.25,24.8,25.0,2993300
COM7,12/25/2019,25.0,26.0,25.0,25.75,1547400
COM7,12/26/2019,25.5,26.25,25.5,26.0,2967300
COM7,12/27/2019,26.25,26.25,25.75,26.0,2095300
COM7,12/30/2019,26.25,26.5,25.75,26.5,3652700
COM7,1/2/2020,26.75,26.75,24.9,25.0,11334000
COM7,1/3/2020,25.0,25.25,24.5,24.7,13825400
COM7,1/6/2020,24.7,25.5,24.5,24.6,8959100
COM7,1/7/2020,24.7,24.8,24.1,24.5,7270100
COM7,1/8/2020,24.3,24.3,23.3,23.6,13910000
COM7,1/9/2020,24.0,24.4,23.7,23.8,11022300
COM7,1/10/2020,23.9,24.4,23.9,24.0,6929700
COM7,1/13/2020,24.2,24.8,24.1,24.8,7257300
COM7,1/14/2020,24.8,24.9,24.5,24.7,5513000
COM7,1/15/2020,24.7,25.5,24.7,25.5,5622100
COM7,1/16/2020,25.75,26.25,25.0,26.0,6134300
COM7,1/17/2020,26.0,26.5,25.75,26.25,5041600
COM7,1/20/2020,26.5,26.5,26.25,26.25,3639800
COM7,1/21/2020,26.25,26.5,26.0,26.0,2376100
COM7,1/22/2020,26.0,26.25,24.9,26.25,3706200
COM7,1/23/2020,26.25,26.5,26.0,26.25,4796500
COM7,1/24/2020,26.5,28.0,26.5,27.75,13555200
COM7,1/27/2020,27.25,27.5,26.5,27.0,4507900
COM7,1/28/2020,27.0,27.5,26.0,26.0,4949000
COM7,1/29/2020,26.5,27.25,26.5,27.0,6110500
COM7,1/30/2020,26.75,27.25,26.75,27.0,4567100
COM7,1/31/2020,27.25,27.5,26.5,27.0,5585400
COM7,2/3/2020,26.75,27.0,26.5,26.75,2634900
COM7,2/4/2020,27.0,27.0,25.25,26.0,9374100
COM7,2/5/2020,26.25,26.75,26.0,26.5,6137000
COM7,2/6/2020,26.75,27.0,26.25,26.25,1602400
COM7,2/7/2020,26.25,26.5,25.5,25.75,3803800
COM7,2/11/2020,25.5,25.5,24.5,24.8,15434200
COM7,2/12/2020,24.9,25.5,24.8,25.25,8397900
COM7,2/13/2020,25.0,25.5,25.0,25.25,4290300
COM7,2/14/2020,25.5,26.25,25.25,25.75,6044200
COM7,2/17/2020,26.0,26.25,25.75,26.25,7454400
COM7,2/18/2020,26.25,26.25,25.25,25.25,7958700
COM7,2/19/2020,25.25,25.75,24.9,24.9,7228800
COM7,2/20/2020,25.0,25.0,24.4,24.8,10019800
COM7,2/21/2020,25.0,25.25,24.4,24.8,15897500
COM7,2/24/2020,24.7,24.7,23.7,23.7,11848100
COM7,2/25/2020,17.0,24.5,17.0,23.6,16064400
COM7,2/26/2020,23.2,23.5,22.3,22.5,7843300
COM7,2/27/2020,22.1,22.7,21.7,22.6,4773000
COM7,2/28/2020,21.5,22.5,21.5,22.2,5525800
COM7,3/2/2020,22.5,22.6,20.3,21.1,10757000
COM7,3/3/2020,22.0,22.6,21.4,22.6,8342300
COM7,3/4/2020,22.4,23.0,22.1,22.5,6673100
COM7,3/5/2020,22.7,23.8,22.7,23.6,15647200
COM7,3/6/2020,23.0,23.6,22.7,23.4,7368100
COM7,3/9/2020,22.0,22.6,21.8,22.2,7925000
COM7,3/10/2020,22.2,23.3,21.1,23.0,15974700
COM7,3/11/2020,23.0,23.2,22.0,22.5,7780800
COM7,3/12/2020,21.5,21.8,18.6,20.4,15734800
COM7,3/13/2020,17.2,21.2,16.9,19.7,15286500
COM7,3/16/2020,18.1,19.3,17.3,17.6,8403200
COM7,3/17/2020,18.0,18.6,16.6,16.6,10696200
COM7,3/18/2020,17.1,18.9,17.0,17.6,13444600
COM7,3/19/2020,17.1,18.3,16.9,17.9,10560100
COM7,3/20/2020,18.7,20.5,18.7,19.7,20357200
COM7,3/23/2020,16.8,17.2,16.8,16.8,20806400
COM7,3/24/2020,17.0,17.1,14.3,14.3,33472000
COM7,3/25/2020,14.8,14.8,13.2,13.7,41832600
COM7,3/26/2020,13.7,15.0,13.5,14.1,37548600
COM7,3/27/2020,14.5,15.8,14.5,14.9,33319700
COM7,3/30/2020,14.5,15.3,14.3,15.1,15188500
COM7,3/31/2020,15.5,15.6,15.2,15.6,17307100
